lad22cd,lad22nm,category,count_21
E09000001,City of London,Main language is English (English or Welsh in Wales),6624
E09000001,City of London,Main language is not English (English or Welsh in Wales): Can speak English very well,1305
E09000001,City of London,Main language is not English (English or Welsh in Wales): Can speak English well,386
E09000001,City of London,Main language is not English (English or Welsh in Wales): Cannot speak English well,116
E09000001,City of London,Main language is not English (English or Welsh in Wales): Cannot speak English,19
E09000002,Barking and Dagenham,Main language is English (English or Welsh in Wales),158652
E09000002,Barking and Dagenham,Main language is not English (English or Welsh in Wales): Can speak English very well,19341
E09000002,Barking and Dagenham,Main language is not English (English or Welsh in Wales): Can speak English well,20302
E09000002,Barking and Dagenham,Main language is not English (English or Welsh in Wales): Cannot speak English well,9296
E09000002,Barking and Dagenham,Main language is not English (English or Welsh in Wales): Cannot speak English,1309
E09000003,Barnet,Main language is English (English or Welsh in Wales),289057
E09000003,Barnet,Main language is not English (English or Welsh in Wales): Can speak English very well,38886
E09000003,Barnet,Main language is not English (English or Welsh in Wales): Can speak English well,31657
E09000003,Barnet,Main language is not English (English or Welsh in Wales): Cannot speak English well,13502
E09000003,Barnet,Main language is not English (English or Welsh in Wales): Cannot speak English,2000
E09000004,Bexley,Main language is English (English or Welsh in Wales),214970
E09000004,Bexley,Main language is not English (English or Welsh in Wales): Can speak English very well,11147
E09000004,Bexley,Main language is not English (English or Welsh in Wales): Can speak English well,7639
E09000004,Bexley,Main language is not English (English or Welsh in Wales): Cannot speak English well,3324
E09000004,Bexley,Main language is not English (English or Welsh in Wales): Cannot speak English,557
E09000005,Brent,Main language is English (English or Welsh in Wales),217371
E09000005,Brent,Main language is not English (English or Welsh in Wales): Can speak English very well,43039
E09000005,Brent,Main language is not English (English or Welsh in Wales): Can speak English well,42680
E09000005,Brent,Main language is not English (English or Welsh in Wales): Cannot speak English well,20618
E09000005,Brent,Main language is not English (English or Welsh in Wales): Cannot speak English,4063
E09000006,Bromley,Main language is English (English or Welsh in Wales),292904
E09000006,Bromley,Main language is not English (English or Welsh in Wales): Can speak English very well,14952
E09000006,Bromley,Main language is not English (English or Welsh in Wales): Can speak English well,7604
E09000006,Bromley,Main language is not English (English or Welsh in Wales): Cannot speak English well,2707
E09000006,Bromley,Main language is not English (English or Welsh in Wales): Cannot speak English,442
E09000007,Camden,Main language is English (English or Welsh in Wales),160655
E09000007,Camden,Main language is not English (English or Welsh in Wales): Can speak English very well,25430
E09000007,Camden,Main language is not English (English or Welsh in Wales): Can speak English well,11891
E09000007,Camden,Main language is not English (English or Welsh in Wales): Cannot speak English well,5198
E09000007,Camden,Main language is not English (English or Welsh in Wales): Cannot speak English,860
E09000008,Croydon,Main language is English (English or Welsh in Wales),315336
E09000008,Croydon,Main language is not English (English or Welsh in Wales): Can speak English very well,27514
E09000008,Croydon,Main language is not English (English or Welsh in Wales): Can speak English well,21728
E09000008,Croydon,Main language is not English (English or Welsh in Wales): Cannot speak English well,9490
E09000008,Croydon,Main language is not English (English or Welsh in Wales): Cannot speak English,1504
E09000009,Ealing,Main language is English (English or Welsh in Wales),244855
E09000009,Ealing,Main language is not English (English or Welsh in Wales): Can speak English very well,45696
E09000009,Ealing,Main language is not English (English or Welsh in Wales): Can speak English well,40933
E09000009,Ealing,Main language is not English (English or Welsh in Wales): Cannot speak English well,19432
E09000009,Ealing,Main language is not English (English or Welsh in Wales): Cannot speak English,3440
E09000010,Enfield,Main language is English (English or Welsh in Wales),242839
E09000010,Enfield,Main language is not English (English or Welsh in Wales): Can speak English very well,25292
E09000010,Enfield,Main language is not English (English or Welsh in Wales): Can speak English well,28460
E09000010,Enfield,Main language is not English (English or Welsh in Wales): Cannot speak English well,17997
E09000010,Enfield,Main language is not English (English or Welsh in Wales): Cannot speak English,3052
E09000011,Greenwich,Main language is English (English or Welsh in Wales),227031
E09000011,Greenwich,Main language is not English (English or Welsh in Wales): Can speak English very well,24449
E09000011,Greenwich,Main language is not English (English or Welsh in Wales): Can speak English well,16854
E09000011,Greenwich,Main language is not English (English or Welsh in Wales): Cannot speak English well,7724
E09000011,Greenwich,Main language is not English (English or Welsh in Wales): Cannot speak English,1534
E09000012,Hackney,Main language is English (English or Welsh in Wales),199667
E09000012,Hackney,Main language is not English (English or Welsh in Wales): Can speak English very well,23015
E09000012,Hackney,Main language is not English (English or Welsh in Wales): Can speak English well,14674
E09000012,Hackney,Main language is not English (English or Welsh in Wales): Cannot speak English well,9972
E09000012,Hackney,Main language is not English (English or Welsh in Wales): Cannot speak English,1869
E09000013,Hammersmith and Fulham,Main language is English (English or Welsh in Wales),139670
E09000013,Hammersmith and Fulham,Main language is not English (English or Welsh in Wales): Can speak English very well,22711
E09000013,Hammersmith and Fulham,Main language is not English (English or Welsh in Wales): Can speak English well,10975
E09000013,Hammersmith and Fulham,Main language is not English (English or Welsh in Wales): Cannot speak English well,3737
E09000013,Hammersmith and Fulham,Main language is not English (English or Welsh in Wales): Cannot speak English,545
E09000014,Haringey,Main language is English (English or Welsh in Wales),185666
E09000014,Haringey,Main language is not English (English or Welsh in Wales): Can speak English very well,25880
E09000014,Haringey,Main language is not English (English or Welsh in Wales): Can speak English well,24854
E09000014,Haringey,Main language is not English (English or Welsh in Wales): Cannot speak English well,15762
E09000014,Haringey,Main language is not English (English or Welsh in Wales): Cannot speak English,2970
E09000015,Harrow,Main language is English (English or Welsh in Wales),174443
E09000015,Harrow,Main language is not English (English or Welsh in Wales): Can speak English very well,34239
E09000015,Harrow,Main language is not English (English or Welsh in Wales): Can speak English well,29168
E09000015,Harrow,Main language is not English (English or Welsh in Wales): Cannot speak English well,11974
E09000015,Harrow,Main language is not English (English or Welsh in Wales): Cannot speak English,2020
E09000016,Havering,Main language is English (English or Welsh in Wales),227346
E09000016,Havering,Main language is not English (English or Welsh in Wales): Can speak English very well,11539
E09000016,Havering,Main language is not English (English or Welsh in Wales): Can speak English well,9198
E09000016,Havering,Main language is not English (English or Welsh in Wales): Cannot speak English well,3567
E09000016,Havering,Main language is not English (English or Welsh in Wales): Cannot speak English,632
E09000017,Hillingdon,Main language is English (English or Welsh in Wales),229263
E09000017,Hillingdon,Main language is not English (English or Welsh in Wales): Can speak English very well,30038
E09000017,Hillingdon,Main language is not English (English or Welsh in Wales): Can speak English well,23689
E09000017,Hillingdon,Main language is not English (English or Welsh in Wales): Cannot speak English well,9509
E09000017,Hillingdon,Main language is not English (English or Welsh in Wales): Cannot speak English,1739
E09000018,Hounslow,Main language is English (English or Welsh in Wales),198853
E09000018,Hounslow,Main language is not English (English or Welsh in Wales): Can speak English very well,36348
E09000018,Hounslow,Main language is not English (English or Welsh in Wales): Can speak English well,28032
E09000018,Hounslow,Main language is not English (English or Welsh in Wales): Cannot speak English well,11898
E09000018,Hounslow,Main language is not English (English or Welsh in Wales): Cannot speak English,2277
E09000019,Islington,Main language is English (English or Welsh in Wales),169831
E09000019,Islington,Main language is not English (English or Welsh in Wales): Can speak English very well,22659
E09000019,Islington,Main language is not English (English or Welsh in Wales): Can speak English well,10992
E09000019,Islington,Main language is not English (English or Welsh in Wales): Cannot speak English well,5286
E09000019,Islington,Main language is not English (English or Welsh in Wales): Cannot speak English,870
E09000020,Kensington and Chelsea,Main language is English (English or Welsh in Wales),106682
E09000020,Kensington and Chelsea,Main language is not English (English or Welsh in Wales): Can speak English very well,20887
E09000020,Kensington and Chelsea,Main language is not English (English or Welsh in Wales): Can speak English well,8669
E09000020,Kensington and Chelsea,Main language is not English (English or Welsh in Wales): Cannot speak English well,2998
E09000020,Kensington and Chelsea,Main language is not English (English or Welsh in Wales): Cannot speak English,412
E09000021,Kingston upon Thames,Main language is English (English or Welsh in Wales),134395
E09000021,Kingston upon Thames,Main language is not English (English or Welsh in Wales): Can speak English very well,14243
E09000021,Kingston upon Thames,Main language is not English (English or Welsh in Wales): Can speak English well,9451
E09000021,Kingston upon Thames,Main language is not English (English or Welsh in Wales): Cannot speak English well,3880
E09000021,Kingston upon Thames,Main language is not English (English or Welsh in Wales): Cannot speak English,533
E09000022,Lambeth,Main language is English (English or Welsh in Wales),253317
E09000022,Lambeth,Main language is not English (English or Welsh in Wales): Can speak English very well,25584
E09000022,Lambeth,Main language is not English (English or Welsh in Wales): Can speak English well,18080
E09000022,Lambeth,Main language is not English (English or Welsh in Wales): Cannot speak English well,9452
E09000022,Lambeth,Main language is not English (English or Welsh in Wales): Cannot speak English,1865
E09000023,Lewisham,Main language is English (English or Welsh in Wales),242028
E09000023,Lewisham,Main language is not English (English or Welsh in Wales): Can speak English very well,22055
E09000023,Lewisham,Main language is not English (English or Welsh in Wales): Can speak English well,15373
E09000023,Lewisham,Main language is not English (English or Welsh in Wales): Cannot speak English well,7987
E09000023,Lewisham,Main language is not English (English or Welsh in Wales): Cannot speak English,1450
E09000024,Merton,Main language is English (English or Welsh in Wales),162563
E09000024,Merton,Main language is not English (English or Welsh in Wales): Can speak English very well,20874
E09000024,Merton,Main language is not English (English or Welsh in Wales): Can speak English well,15867
E09000024,Merton,Main language is not English (English or Welsh in Wales): Cannot speak English well,6715
E09000024,Merton,Main language is not English (English or Welsh in Wales): Cannot speak English,948
E09000025,Newham,Main language is English (English or Welsh in Wales),220022
E09000025,Newham,Main language is not English (English or Welsh in Wales): Can speak English very well,43497
E09000025,Newham,Main language is not English (English or Welsh in Wales): Can speak English well,45802
E09000025,Newham,Main language is not English (English or Welsh in Wales): Cannot speak English well,23756
E09000025,Newham,Main language is not English (English or Welsh in Wales): Cannot speak English,3521
E09000026,Redbridge,Main language is English (English or Welsh in Wales),218924
E09000026,Redbridge,Main language is not English (English or Welsh in Wales): Can speak English very well,32968
E09000026,Redbridge,Main language is not English (English or Welsh in Wales): Can speak English well,30036
E09000026,Redbridge,Main language is not English (English or Welsh in Wales): Cannot speak English well,13705
E09000026,Redbridge,Main language is not English (English or Welsh in Wales): Cannot speak English,2004
E09000027,Richmond upon Thames,Main language is English (English or Welsh in Wales),167514
E09000027,Richmond upon Thames,Main language is not English (English or Welsh in Wales): Can speak English very well,13209
E09000027,Richmond upon Thames,Main language is not English (English or Welsh in Wales): Can speak English well,5731
E09000027,Richmond upon Thames,Main language is not English (English or Welsh in Wales): Cannot speak English well,2087
E09000027,Richmond upon Thames,Main language is not English (English or Welsh in Wales): Cannot speak English,347
E09000028,Southwark,Main language is English (English or Welsh in Wales),244002
E09000028,Southwark,Main language is not English (English or Welsh in Wales): Can speak English very well,27450
E09000028,Southwark,Main language is not English (English or Welsh in Wales): Can speak English well,16058
E09000028,Southwark,Main language is not English (English or Welsh in Wales): Cannot speak English well,8603
E09000028,Southwark,Main language is not English (English or Welsh in Wales): Cannot speak English,1616
E09000029,Sutton,Main language is English (English or Welsh in Wales),173379
E09000029,Sutton,Main language is not English (English or Welsh in Wales): Can speak English very well,15289
E09000029,Sutton,Main language is not English (English or Welsh in Wales): Can speak English well,9709
E09000029,Sutton,Main language is not English (English or Welsh in Wales): Cannot speak English well,3363
E09000029,Sutton,Main language is not English (English or Welsh in Wales): Cannot speak English,514
E09000030,Tower Hamlets,Main language is English (English or Welsh in Wales),218131
E09000030,Tower Hamlets,Main language is not English (English or Welsh in Wales): Can speak English very well,37285
E09000030,Tower Hamlets,Main language is not English (English or Welsh in Wales): Can speak English well,24671
E09000030,Tower Hamlets,Main language is not English (English or Welsh in Wales): Cannot speak English well,15566
E09000030,Tower Hamlets,Main language is not English (English or Welsh in Wales): Cannot speak English,3101
E09000031,Waltham Forest,Main language is English (English or Welsh in Wales),206863
E09000031,Waltham Forest,Main language is not English (English or Welsh in Wales): Can speak English very well,22586
E09000031,Waltham Forest,Main language is not English (English or Welsh in Wales): Can speak English well,24055
E09000031,Waltham Forest,Main language is not English (English or Welsh in Wales): Cannot speak English well,11456
E09000031,Waltham Forest,Main language is not English (English or Welsh in Wales): Cannot speak English,1678
E09000032,Wandsworth,Main language is English (English or Welsh in Wales),261751
E09000032,Wandsworth,Main language is not English (English or Welsh in Wales): Can speak English very well,30641
E09000032,Wandsworth,Main language is not English (English or Welsh in Wales): Can speak English well,16100
E09000032,Wandsworth,Main language is not English (English or Welsh in Wales): Cannot speak English well,6292
E09000032,Wandsworth,Main language is not English (English or Welsh in Wales): Cannot speak English,1060
E09000033,Westminster,Main language is English (English or Welsh in Wales),146375
E09000033,Westminster,Main language is not English (English or Welsh in Wales): Can speak English very well,30418
E09000033,Westminster,Main language is not English (English or Welsh in Wales): Can speak English well,14911
E09000033,Westminster,Main language is not English (English or Welsh in Wales): Cannot speak English well,6296
E09000033,Westminster,Main language is not English (English or Welsh in Wales): Cannot speak English,988
